[{"id":5,"title":"arrange numbers in  ascending order","language":"CPP","author":"Owais","code":"#include<iostream>\n#include<conio.h>\n#include<stdio.h> \n#include<string>\n\nusing namespace std; \n\nint size = 5;\n\nint intToAscii(int number){\n\treturn '0'+ number;\n}\n\nbool isInAssending(int *arr){\n\t\n\tint largest = arr[0];\n\tfor(int i = 1; i < size; i++){\n\t\tif(arr[i] < largest){\n\t\t\tlargest = arr[i];\n\t\t}else if(largest < arr[i]){\n\t\t\treturn false;\t\t\t\n\t\t}\n\t}\n\treturn true;\n}\n\nint main(){\n\t\n\tint a[size], b[size], oldLargest = 999999999; \n\t\n\tfor(int i = 0; i < sizeof(a)/4; i++){ \n\t\tcout<< endl <<\"Enter a number\" << endl; \n\t\tcin >> a[i]; \n\t\t\n\t}\n\t\n\tint largest = a[0]; \n\t\n\tfor (int w = 0; w < sizeof(a)/4; w++){ \n\t\n\t\tfor(int i = 0; i < sizeof(a)/4; i++){ \n\t\t\t\n\t\t\tif((largest < a[i]) && (a[i] < oldLargest)){ \n\t\t\t\n\t\t\t\tlargest = a[i]; \n\t\t\t\n\t\t\t}\n\t\t} \n\t\t\n\t\tb[w] = oldLargest = largest; \n\t\tlargest = 0; \n\t} \n\n\tfor (int i = (sizeof(b)/4)-1; i >= 0; i--) {\n\t    cout << endl\n\t\t<< b[i];\n\n\t}\n\tif(isInAssending(b)){\n\t\tcout << endl << \"the array is in assending\";\n\t}else{\n\t\tcout << endl << \"the array is not in assending\";\n\t}\n\treturn 0;\n}"}]